﻿{
  "type": "AdaptiveCard",
  "body": [
    {
      "type": "TextBlock",
      "text": "Your information has been updated. Let's see if we've got a new quote for you.",
      "wrap": true
    },
    {
      "type": "Input.Text",
      "value": "${customerId}",
      "id": "customerId",
      "isVisible": false
    }
  ],
  "$schema": "http://adaptivecards.io/schemas/adaptive-card.json",
  "version": "1.0",
  "actions": [
    {
      "type": "Action.Submit",
      "title": "See Updated Quote",
      "data": {
        "button": "UpdateFinalOK"
      }
    }
  ]
}