﻿{
  "type": "AdaptiveCard",
  "body": [
    {
      "type": "TextBlock",
      "text": "Enter ZipCode",
      "wrap": true
    },
    {
      "type": "Input.Text",
      "placeholder": "ZipCode",
      "maxLength": 5,
      "id": "ZipCode",
      "validation": {
        "necessity": "Required",
        "errorMessage": "ZipCode is required"
      }
    }
  ],
  "$schema": "http://adaptivecards.io/schemas/adaptive-card.json",
  "version": "1.0",
  "actions": [
    {
      "type": "Action.Submit",
      "title": "OK",
      "data": {
        "button": "ZipCodeOK"
      }
    }
  ]
}
